Approach,Precision,Recall,Storage,PreparationTime,PredictionTime
Pinto-KNN,0.942050865286151,0.8537572982019468,474795913,1.1664152340039933,0.0026781554671943056
FLAST-k3-sigma0.5,0.9142265084738023,0.9264568041810987,19807691,0.9410330915933428,0.0005667844992988542
FLAST-k3-sigma0.95,0.9753523822706469,0.8358764562935621,19807691,0.9032591761910367,0.0005319949101764054
FLAST-k7-sigma0.5,0.9159644150420442,0.9076544122693305,19807691,0.9059944930649105,0.0005675876617975522
FLAST-k7-sigma0.95,0.9924866522500003,0.7209628245407154,19807691,0.9129242827746551,0.0005803187327843345
